{
  "_about": "Multi-element CF-LIBS regression fixtures for CF-LIBS-improved, generated by the Float mirror of the verified CflibsFormal spec (oracle/Generate.lean). Each check instantiates a PROVEN theorem; see oracle/README.md. Dimensionless inputs; tolerance ~1e-6.",
  "global": {"kB": 1.000000000, "T": 1.000000000, "Fcal": 1.000000000},
  "scenarios": [{"name": "ternary alloy — 3 chemically-distinct elements, distinct atomic data + partition functions, 4 lines each", "true_composition": [0.500000000, 0.300000000, 0.200000000], "elements": [{"sym": "El-A", "g": [2.000000000, 4.000000000, 6.000000000, 8.000000000], "E": [0.000000000, 1.200000000, 2.500000000, 3.800000000], "A": [1.000000000, 0.700000000, 0.500000000, 0.300000000], "N": 5.000000000, "u": 0, "partitionFunction": 3.876253014, "intensities": [2.579810957, 1.087833779, 0.317645668, 0.069254835]}, {"sym": "El-B", "g": [1.000000000, 3.000000000, 5.000000000, 7.000000000], "E": [0.000000000, 0.900000000, 2.100000000, 3.300000000], "A": [0.900000000, 0.600000000, 0.400000000, 0.200000000], "N": 3.000000000, "u": 1, "partitionFunction": 3.090173292, "intensities": [0.873737407, 0.710470241, 0.237766138, 0.050129649]}, {"sym": "El-C", "g": [3.000000000, 5.000000000, 7.000000000, 9.000000000], "E": [0.000000000, 1.500000000, 2.800000000, 4.000000000], "A": [0.800000000, 0.500000000, 0.350000000, 0.250000000], "N": 2.000000000, "u": 2, "partitionFunction": 4.706161989, "intensities": [1.019939392, 0.237061708, 0.063314715, 0.017513289]}], "checks": {"forward": {"theorem": "ForwardMap.lineIntensity / boltzmann_plot_intensity", "must": "recompute lineIntensity(element.g,E,A, element.N, k) == element.intensities[k] (per-element atomic data)"}, "round_trip": {"theorem": "Classic.classicDensity_recovers / classic_sound", "true_densities": [5.000000000, 3.000000000, 2.000000000], "recovered_densities": [5.000000000, 3.000000000, 2.000000000], "must": "classicDensity(lineIntensity(N)) == N per element (each with its own U_s)"}, "temperature": {"theorem": "Classic.classic_temperature_correct", "true_T": [1.000000000, 1.000000000, 1.000000000], "recovered_T": [1.000000000, 1.000000000, 1.000000000], "must": "2-line Boltzmann-plot slope recovers T per element == global T"}, "closure": {"theorem": "Closure.composition_sum_one / classic_sound", "true_composition": [0.500000000, 0.300000000, 0.200000000], "recovered_composition": [0.500000000, 0.300000000, 0.200000000], "must": "recovered == true mole fractions AND sum(recovered) == 1 (heterogeneous elements)"}, "calibration_free": {"theorem": "Classic.classic_calibration_free", "Fcal_scale": 1000.000000000, "composition_base": [0.500000000, 0.300000000, 0.200000000], "composition_scaled": [0.500000000, 0.300000000, 0.200000000], "must": "composition_scaled == composition_base (Fcal cancels)"}}}]
}
