{
  "_about": "Numerical regression fixtures for CF-LIBS-improved, generated by the Float mirror of the verified CflibsFormal spec (oracle/Generate.lean). Each check instantiates a PROVEN theorem; see oracle/README.md. Dimensionless inputs; tolerance ~1e-6.",
  "constants": {"kB": 1.000000000, "T": 1.000000000, "Fcal": 1.000000000, "g": [1.000000000, 2.000000000, 3.000000000, 4.000000000], "E": [0.000000000, 1.000000000, 2.000000000, 3.000000000], "A": [1.000000000, 0.800000000, 0.600000000, 0.400000000]},
  "species": [{"N": 1.000000000, "u": 0, "intensities": [0.427183752, 0.251443392, 0.104063461, 0.034029163]}, {"N": 3.000000000, "u": 1, "intensities": [1.281551255, 0.754330175, 0.312190384, 0.102087488]}],
  "checks": {"forward": {"theorem": "CflibsFormal.lineIntensity (def) / boltzmann_plot_intensity", "must": "recompute lineIntensity(constants, species.N, k) == species.intensities[k]"}, "round_trip": {"theorem": "Classic.classicDensity_recovers / classic_sound", "true_densities": [1.000000000, 3.000000000], "recovered_densities": [1.000000000, 3.000000000], "must": "classicDensity(lineIntensity(N)) == N (exact in R; within tol in Float)"}, "closure": {"theorem": "Closure.composition_sum_one / classic_sound", "true_composition": [0.250000000, 0.750000000], "recovered_composition": [0.250000000, 0.750000000], "must": "recovered == true AND sum(recovered) == 1"}, "calibration_free": {"theorem": "Classic.classic_calibration_free", "Fcal_scale": 1000.000000000, "composition_base": [0.250000000, 0.750000000], "composition_scaled": [0.250000000, 0.750000000], "must": "composition_scaled == composition_base (Fcal cancels)"}}
}
